month,channel,spend
2025-07,Paid Social,30600.0
2025-08,Paid Social,30800.0
2025-09,Paid Social,27600.0
2025-10,Paid Social,28600.0
2025-11,Paid Social,30700.0
2025-12,Paid Social,28300.0
2026-01,Paid Social,31100.0
2026-02,Paid Social,28000.0
2026-03,Paid Social,28800.0
2026-04,Paid Social,29900.0
2026-05,Paid Social,31700.0
2026-06,Paid Social,32600.0
2025-07,Paid Search,24300.0
2025-08,Paid Search,27800.0
2025-09,Paid Search,25300.0
2025-10,Paid Search,25300.0
2025-11,Paid Search,26700.0
2025-12,Paid Search,25800.0
2026-01,Paid Search,26000.0
2026-02,Paid Search,26300.0
2026-03,Paid Search,25400.0
2026-04,Paid Search,24600.0
2026-05,Paid Search,25200.0
2026-06,Paid Search,25800.0
2025-07,Content / SEO,12900.0
2025-08,Content / SEO,12000.0
2025-09,Content / SEO,11100.0
2025-10,Content / SEO,12000.0
2025-11,Content / SEO,13500.0
2025-12,Content / SEO,11500.0
2026-01,Content / SEO,11000.0
2026-02,Content / SEO,11400.0
2026-03,Content / SEO,11400.0
2026-04,Content / SEO,12000.0
2026-05,Content / SEO,12700.0
2026-06,Content / SEO,11600.0
2025-07,Webinars & Events,19400.0
2025-08,Webinars & Events,20200.0
2025-09,Webinars & Events,18500.0
2025-10,Webinars & Events,19200.0
2025-11,Webinars & Events,16500.0
2025-12,Webinars & Events,20000.0
2026-01,Webinars & Events,22000.0
2026-02,Webinars & Events,18600.0
2026-03,Webinars & Events,20700.0
2026-04,Webinars & Events,19900.0
2026-05,Webinars & Events,20900.0
2026-06,Webinars & Events,20400.0
2025-07,Outbound Sales,28300.0
2025-08,Outbound Sales,30500.0
2025-09,Outbound Sales,27800.0
2025-10,Outbound Sales,28200.0
2025-11,Outbound Sales,30000.0
2025-12,Outbound Sales,22200.0
2026-01,Outbound Sales,27300.0
2026-02,Outbound Sales,29300.0
2026-03,Outbound Sales,28400.0
2026-04,Outbound Sales,25100.0
2026-05,Outbound Sales,33900.0
2026-06,Outbound Sales,27800.0
2025-07,Referrals & Partners,8900.0
2025-08,Referrals & Partners,8100.0
2025-09,Referrals & Partners,7800.0
2025-10,Referrals & Partners,8200.0
2025-11,Referrals & Partners,8600.0
2025-12,Referrals & Partners,7700.0
2026-01,Referrals & Partners,8200.0
2026-02,Referrals & Partners,8200.0
2026-03,Referrals & Partners,7600.0
2026-04,Referrals & Partners,7800.0
2026-05,Referrals & Partners,8100.0
2026-06,Referrals & Partners,8400.0
